{
    "created_time": "2026-01-07T07:44:59Z",
    "files": [
        {
            "attachment_folder": "",
            "created_time": "2026-02-16T02:41:41Z",
            "id": "26",
            "modified_time": "2026-02-16T03:11:13Z",
            "name": "故事开始.md",
            "signature": "1007816925340926949",
            "tags": [
            ]
        },
        {
            "attachment_folder": "",
            "created_time": "2026-01-07T07:45:07Z",
            "id": "3",
            "modified_time": "2026-02-16T06:49:31Z",
            "name": "知识积累.md",
            "signature": "15557364703232397059",
            "tags": [
            ]
        },
        {
            "attachment_folder": "",
            "created_time": "2026-01-17T12:24:56Z",
            "id": "6",
            "modified_time": "2026-02-16T06:49:57Z",
            "name": "1Thread.md",
            "signature": "9471550277076877208",
            "tags": [
            ]
        },
        {
            "attachment_folder": "310490736510397",
            "created_time": "2026-01-19T14:30:50Z",
            "id": "8",
            "modified_time": "2026-02-16T06:53:57Z",
            "name": "2Fiber.md",
            "signature": "18044737052128198682",
            "tags": [
            ]
        },
        {
            "attachment_folder": "330347023106201",
            "created_time": "2026-01-27T13:24:51Z",
            "id": "10",
            "modified_time": "2026-02-16T06:56:40Z",
            "name": "3Scheduler.md",
            "signature": "5176942474135387299",
            "tags": [
            ]
        },
        {
            "attachment_folder": "",
            "created_time": "2026-01-31T14:03:34Z",
            "id": "12",
            "modified_time": "2026-02-13T09:03:32Z",
            "name": "4Timer.md",
            "signature": "12453487495926909878",
            "tags": [
            ]
        },
        {
            "attachment_folder": "598996187708280",
            "created_time": "2026-02-09T02:58:22Z",
            "id": "14",
            "modified_time": "2026-02-12T03:53:06Z",
            "name": "5iomanager.md",
            "signature": "4558902895059750222",
            "tags": [
            ]
        },
        {
            "attachment_folder": "",
            "created_time": "2026-02-09T13:51:12Z",
            "id": "16",
            "modified_time": "2026-02-13T09:03:02Z",
            "name": "epoll.md",
            "signature": "6685745029019461200",
            "tags": [
            ]
        },
        {
            "attachment_folder": "",
            "created_time": "2026-02-14T03:43:58Z",
            "id": "22",
            "modified_time": "2026-02-15T02:16:55Z",
            "name": "FdManager.md",
            "signature": "9509867604472229758",
            "tags": [
            ]
        },
        {
            "attachment_folder": "",
            "created_time": "2026-02-12T02:36:23Z",
            "id": "28",
            "modified_time": "2026-02-15T08:52:07Z",
            "name": "6hook.md",
            "signature": "10435645434302905511",
            "tags": [
            ]
        },
        {
            "attachment_folder": "",
            "created_time": "2026-02-14T14:02:02Z",
            "id": "24",
            "modified_time": "2026-02-16T03:32:51Z",
            "name": "性能测试.md",
            "signature": "3446215767908974682",
            "tags": [
            ]
        },
        {
            "attachment_folder": "",
            "created_time": "2026-02-16T08:12:47Z",
            "id": "30",
            "modified_time": "2026-02-16T08:20:06Z",
            "name": "故事完结.md",
            "signature": "3371270383890256255",
            "tags": [
            ]
        }
    ],
    "folders": [
    ],
    "id": "29",
    "modified_time": "2026-01-07T07:44:59Z",
    "signature": "15504388072637599483",
    "version": 3
}
